SET IDENTITY_INSERT [dbo].[Fotografija] ON
INSERT INTO [dbo].[Fotografija] ([Id], [Lokacija], [ReceptId]) VALUES (15, N'C:\Users\Adriana\Pictures\recepti-slike\juha-od-karfiola-310x250.jpg', 24)
INSERT INTO [dbo].[Fotografija] ([Id], [Lokacija], [ReceptId]) VALUES (16, N'C:\Users\Adriana\Pictures\recepti-slike\rice-spanakorizo.jpg', 25)
INSERT INTO [dbo].[Fotografija] ([Id], [Lokacija], [ReceptId]) VALUES (17, N'C:\Users\Adriana\Pictures\recepti-slike\DSC00393.jpg', 26)
INSERT INTO [dbo].[Fotografija] ([Id], [Lokacija], [ReceptId]) VALUES (18, N'C:\Users\Adriana\Pictures\recepti-slike\rs.jpg', 27)
INSERT INTO [dbo].[Fotografija] ([Id], [Lokacija], [ReceptId]) VALUES (19, N'C:\Users\Adriana\Pictures\recepti-slike\16723-pilece-rolnice_zoom.jpg', 28)
INSERT INTO [dbo].[Fotografija] ([Id], [Lokacija], [ReceptId]) VALUES (21, N'C:\Users\Adriana\Pictures\recepti-slike\Biskvit.jpg', 30)
INSERT INTO [dbo].[Fotografija] ([Id], [Lokacija], [ReceptId]) VALUES (25, N'C:\Users\Adriana\Pictures\recepti-slike\1725c52b448f84ce9d4f73eab7be2241_view_l.jpg', 58)
SET IDENTITY_INSERT [dbo].[Fotografija] OFF

SET IDENTITY_INSERT [dbo].[Korak] ON
INSERT INTO [dbo].[Korak] ([Id], [BrojKoraka], [OpisKoraka], [Naputak], [VrijemeIzvodenja], [ReceptId]) VALUES (29, 1, N'Povræe narezati na veæe komade', N'', 0, 24)
INSERT INTO [dbo].[Korak] ([Id], [BrojKoraka], [OpisKoraka], [Naputak], [VrijemeIzvodenja], [ReceptId]) VALUES (30, 2, N'U posudi rastopiti maslac', N'Posudu držati iznad vatre a ne na vatri', 0, 24)
INSERT INTO [dbo].[Korak] ([Id], [BrojKoraka], [OpisKoraka], [Naputak], [VrijemeIzvodenja], [ReceptId]) VALUES (31, 3, N'Dodati povræe', N'Sve osim krumpira', 0, 24)
INSERT INTO [dbo].[Korak] ([Id], [BrojKoraka], [OpisKoraka], [Naputak], [VrijemeIzvodenja], [ReceptId]) VALUES (32, 4, N'Kuhati na slaboj vatri 10-15 min', N'', 15, 24)
INSERT INTO [dbo].[Korak] ([Id], [BrojKoraka], [OpisKoraka], [Naputak], [VrijemeIzvodenja], [ReceptId]) VALUES (33, 5, N'Dodati temeljac i krumpir', N'', 0, 24)
INSERT INTO [dbo].[Korak] ([Id], [BrojKoraka], [OpisKoraka], [Naputak], [VrijemeIzvodenja], [ReceptId]) VALUES (34, 6, N'Zaèiniti sa solju i paprom', N'', 0, 24)
INSERT INTO [dbo].[Korak] ([Id], [BrojKoraka], [OpisKoraka], [Naputak], [VrijemeIzvodenja], [ReceptId]) VALUES (35, 7, N'Pustiti da zavrije', N'', 0, 24)
INSERT INTO [dbo].[Korak] ([Id], [BrojKoraka], [OpisKoraka], [Naputak], [VrijemeIzvodenja], [ReceptId]) VALUES (36, 8, N'Kuhati na laganoj vatri dok ne omekša', N'', 0, 24)
INSERT INTO [dbo].[Korak] ([Id], [BrojKoraka], [OpisKoraka], [Naputak], [VrijemeIzvodenja], [ReceptId]) VALUES (37, 9, N'U mikseru napraviti pire od povræa', N'Dodati mlijeka za gustinu juhe', 0, 24)
INSERT INTO [dbo].[Korak] ([Id], [BrojKoraka], [OpisKoraka], [Naputak], [VrijemeIzvodenja], [ReceptId]) VALUES (38, 10, N'Uliti natrag u lonac i ugrijati', N'Ne smije prokuhati!', 0, 24)
INSERT INTO [dbo].[Korak] ([Id], [BrojKoraka], [OpisKoraka], [Naputak], [VrijemeIzvodenja], [ReceptId]) VALUES (39, 1, N'Špinat staviti u posudu id 1,25 l za mikrovalnu peènicu', N'Zagrijavati 5-6 minuta na najjaèoj temperaturi', 5, 25)
INSERT INTO [dbo].[Korak] ([Id], [BrojKoraka], [OpisKoraka], [Naputak], [VrijemeIzvodenja], [ReceptId]) VALUES (40, 2, N'Ocjediti špinat i ostaviti da stoji', N'', 0, 25)
INSERT INTO [dbo].[Korak] ([Id], [BrojKoraka], [OpisKoraka], [Naputak], [VrijemeIzvodenja], [ReceptId]) VALUES (41, 3, N'U posudi promješati jaja, rižu, sir sol i papar', N'', 0, 25)
INSERT INTO [dbo].[Korak] ([Id], [BrojKoraka], [OpisKoraka], [Naputak], [VrijemeIzvodenja], [ReceptId]) VALUES (42, 4, N'Kuhati u mikrovalnoj 2 minute ', N'', 2, 25)
INSERT INTO [dbo].[Korak] ([Id], [BrojKoraka], [OpisKoraka], [Naputak], [VrijemeIzvodenja], [ReceptId]) VALUES (43, 5, N'Promješati i ponovno kuhati još 3-4 minute', N'', 3, 25)
INSERT INTO [dbo].[Korak] ([Id], [BrojKoraka], [OpisKoraka], [Naputak], [VrijemeIzvodenja], [ReceptId]) VALUES (44, 6, N'U tu smjesu umješati luk i špinat', N'Gotovu smjesu uliti u posudu za mikrovalnu peènicu', 0, 25)
INSERT INTO [dbo].[Korak] ([Id], [BrojKoraka], [OpisKoraka], [Naputak], [VrijemeIzvodenja], [ReceptId]) VALUES (45, 7, N'Kuhati u mikrovalnoj na najjaèoj temperaturi 10-12 min', N'', 11, 25)
INSERT INTO [dbo].[Korak] ([Id], [BrojKoraka], [OpisKoraka], [Naputak], [VrijemeIzvodenja], [ReceptId]) VALUES (46, 8, N'Probosti vilicom i vidjeti je li gotovo', N'Ako nije, dokuhati.', 0, 25)
INSERT INTO [dbo].[Korak] ([Id], [BrojKoraka], [OpisKoraka], [Naputak], [VrijemeIzvodenja], [ReceptId]) VALUES (47, 1, N'Peènicu zagrijati na 190c', N'', 0, 26)
INSERT INTO [dbo].[Korak] ([Id], [BrojKoraka], [OpisKoraka], [Naputak], [VrijemeIzvodenja], [ReceptId]) VALUES (48, 2, N'Svaki komadiæ kruha spljoštiti vilicom', N'Na svaki staviti po jednu šparogu', 0, 26)
INSERT INTO [dbo].[Korak] ([Id], [BrojKoraka], [OpisKoraka], [Naputak], [VrijemeIzvodenja], [ReceptId]) VALUES (49, 3, N'Zaviti roladicu i prièvrstiti èaèkalicama', N'', 0, 26)
INSERT INTO [dbo].[Korak] ([Id], [BrojKoraka], [OpisKoraka], [Naputak], [VrijemeIzvodenja], [ReceptId]) VALUES (50, 4, N'U posebnoj zdjeli pomješati parmezan s èešnjakom', N'', 0, 26)
INSERT INTO [dbo].[Korak] ([Id], [BrojKoraka], [OpisKoraka], [Naputak], [VrijemeIzvodenja], [ReceptId]) VALUES (51, 5, N'Svaku roladicu namazati jajetom, uvaljati u parmezan i peršin', N'', 0, 26)
INSERT INTO [dbo].[Korak] ([Id], [BrojKoraka], [OpisKoraka], [Naputak], [VrijemeIzvodenja], [ReceptId]) VALUES (52, 6, N'Poslagati na lim za peèenje i peæi 7-8 min', N'', 8, 26)
INSERT INTO [dbo].[Korak] ([Id], [BrojKoraka], [OpisKoraka], [Naputak], [VrijemeIzvodenja], [ReceptId]) VALUES (53, 7, N'Staviti 15 minuta u hladnjak prije serviranja', N'', 0, 26)
INSERT INTO [dbo].[Korak] ([Id], [BrojKoraka], [OpisKoraka], [Naputak], [VrijemeIzvodenja], [ReceptId]) VALUES (54, 1, N'Peènicu zagrijati na 175c', N'', 0, 27)
INSERT INTO [dbo].[Korak] ([Id], [BrojKoraka], [OpisKoraka], [Naputak], [VrijemeIzvodenja], [ReceptId]) VALUES (55, 2, N'U veliku zdjelu prosijati brašno, pp i sol', N'', 0, 27)
INSERT INTO [dbo].[Korak] ([Id], [BrojKoraka], [OpisKoraka], [Naputak], [VrijemeIzvodenja], [ReceptId]) VALUES (56, 3, N'U drugoj zdjeli promješati maslac i mast', N'Naizmjenice dodavati mlijeko i suhe sastojke dok smjesa ne bude glatka', 0, 27)
INSERT INTO [dbo].[Korak] ([Id], [BrojKoraka], [OpisKoraka], [Naputak], [VrijemeIzvodenja], [ReceptId]) VALUES (57, 4, N'Valjkom razvaljati na trokut debljine 1 cm', N'', 0, 27)
INSERT INTO [dbo].[Korak] ([Id], [BrojKoraka], [OpisKoraka], [Naputak], [VrijemeIzvodenja], [ReceptId]) VALUES (58, 5, N'Posipati sirom i zarolati', N'', 0, 27)
INSERT INTO [dbo].[Korak] ([Id], [BrojKoraka], [OpisKoraka], [Naputak], [VrijemeIzvodenja], [ReceptId]) VALUES (59, 6, N'Izrezati na krugove od 2 i po cm', N'', 0, 27)
INSERT INTO [dbo].[Korak] ([Id], [BrojKoraka], [OpisKoraka], [Naputak], [VrijemeIzvodenja], [ReceptId]) VALUES (60, 7, N'Staviti na lim za peæenje ', N'Lim mora biti namazan sa maslacem i posut s brašnom', 0, 27)
INSERT INTO [dbo].[Korak] ([Id], [BrojKoraka], [OpisKoraka], [Naputak], [VrijemeIzvodenja], [ReceptId]) VALUES (61, 8, N'Peæi 30-40 min do zlatno žute boje', N'', 35, 27)
INSERT INTO [dbo].[Korak] ([Id], [BrojKoraka], [OpisKoraka], [Naputak], [VrijemeIzvodenja], [ReceptId]) VALUES (62, 1, N'Na tavi zagrijati 1 žlicu ulja', N'', 0, 28)
INSERT INTO [dbo].[Korak] ([Id], [BrojKoraka], [OpisKoraka], [Naputak], [VrijemeIzvodenja], [ReceptId]) VALUES (63, 2, N'Popržiti luk', N'Dok ne pozlatni', 0, 28)
INSERT INTO [dbo].[Korak] ([Id], [BrojKoraka], [OpisKoraka], [Naputak], [VrijemeIzvodenja], [ReceptId]) VALUES (64, 3, N'U zdjeli pomješati luk s rižom, jajima, sirom, brašnom i zaèinima', N'', 0, 28)
INSERT INTO [dbo].[Korak] ([Id], [BrojKoraka], [OpisKoraka], [Naputak], [VrijemeIzvodenja], [ReceptId]) VALUES (65, 4, N'Navlaženim rukama oblikovati 8 odrezaka', N'', 0, 28)
INSERT INTO [dbo].[Korak] ([Id], [BrojKoraka], [OpisKoraka], [Naputak], [VrijemeIzvodenja], [ReceptId]) VALUES (66, 5, N'Uvaljati u krušne mrvice', N'', 0, 28)
INSERT INTO [dbo].[Korak] ([Id], [BrojKoraka], [OpisKoraka], [Naputak], [VrijemeIzvodenja], [ReceptId]) VALUES (67, 6, N'Na srednje jakoj vatri zagrijati u tavi preostalo ulje.', N'', 0, 28)
INSERT INTO [dbo].[Korak] ([Id], [BrojKoraka], [OpisKoraka], [Naputak], [VrijemeIzvodenja], [ReceptId]) VALUES (68, 7, N'Odreske pržiti po 10 min sa svake strane', N'', 20, 28)
INSERT INTO [dbo].[Korak] ([Id], [BrojKoraka], [OpisKoraka], [Naputak], [VrijemeIzvodenja], [ReceptId]) VALUES (69, 8, N'Poslužiti tople', N'', 0, 28)
INSERT INTO [dbo].[Korak] ([Id], [BrojKoraka], [OpisKoraka], [Naputak], [VrijemeIzvodenja], [ReceptId]) VALUES (73, 1, N'Peènicu zagrijati na 175c', N'', 0, 30)
INSERT INTO [dbo].[Korak] ([Id], [BrojKoraka], [OpisKoraka], [Naputak], [VrijemeIzvodenja], [ReceptId]) VALUES (74, 2, N'Kalup za biskvit namazati maslacem i posipati brašnom', N'', 0, 30)
INSERT INTO [dbo].[Korak] ([Id], [BrojKoraka], [OpisKoraka], [Naputak], [VrijemeIzvodenja], [ReceptId]) VALUES (75, 3, N'Odvojiti bjelanjke od žutanjaka', N'', 0, 30)
INSERT INTO [dbo].[Korak] ([Id], [BrojKoraka], [OpisKoraka], [Naputak], [VrijemeIzvodenja], [ReceptId]) VALUES (76, 4, N'Žutanjke miksati sa šeæerom i dodati brašno, pp, rastopljeni maslac i vaniliju ', N'', 0, 30)
INSERT INTO [dbo].[Korak] ([Id], [BrojKoraka], [OpisKoraka], [Naputak], [VrijemeIzvodenja], [ReceptId]) VALUES (77, 5, N'Izmiksati bjeljanjak', N'', 0, 30)
INSERT INTO [dbo].[Korak] ([Id], [BrojKoraka], [OpisKoraka], [Naputak], [VrijemeIzvodenja], [ReceptId]) VALUES (78, 6, N'Staviti bjeljanjak u smjesu i kuhaèom lagano izmješati', N'Ostaviti balonèiæe', 0, 30)
INSERT INTO [dbo].[Korak] ([Id], [BrojKoraka], [OpisKoraka], [Naputak], [VrijemeIzvodenja], [ReceptId]) VALUES (79, 7, N'Preliti to u kalup i peæi 20-25 minuta', N'', 25, 30)
INSERT INTO [dbo].[Korak] ([Id], [BrojKoraka], [OpisKoraka], [Naputak], [VrijemeIzvodenja], [ReceptId]) VALUES (118, 1, N'Posoliti vodu i staviti rižu unutra.', N'', 0, 58)
INSERT INTO [dbo].[Korak] ([Id], [BrojKoraka], [OpisKoraka], [Naputak], [VrijemeIzvodenja], [ReceptId]) VALUES (119, 2, N'Pustiti da zakuha', N'', 0, 58)
INSERT INTO [dbo].[Korak] ([Id], [BrojKoraka], [OpisKoraka], [Naputak], [VrijemeIzvodenja], [ReceptId]) VALUES (120, 3, N'Kada zakuha poklopiti i pustiti da kuha 25 minuta na naslabijoj vatri', N'', 0, 58)
INSERT INTO [dbo].[Korak] ([Id], [BrojKoraka], [OpisKoraka], [Naputak], [VrijemeIzvodenja], [ReceptId]) VALUES (121, 4, N'Kada je kuhana umiješati maslac da se ne lijepi', N'', 0, 58)
SET IDENTITY_INSERT [dbo].[Korak] OFF

SET IDENTITY_INSERT [dbo].[Namirnica] ON
INSERT INTO [dbo].[Namirnica] ([Id], [Naziv], [Mjera], [Opca], [Vrsta]) VALUES (1, N'Krastavac', 7, 0, 3)
INSERT INTO [dbo].[Namirnica] ([Id], [Naziv], [Mjera], [Opca], [Vrsta]) VALUES (4, N'Jabuka', 1, 1, 2)
INSERT INTO [dbo].[Namirnica] ([Id], [Naziv], [Mjera], [Opca], [Vrsta]) VALUES (8, N'Vegeta', 10, 1, 4)
INSERT INTO [dbo].[Namirnica] ([Id], [Naziv], [Mjera], [Opca], [Vrsta]) VALUES (9, N'Papar', 10, 1, 4)
INSERT INTO [dbo].[Namirnica] ([Id], [Naziv], [Mjera], [Opca], [Vrsta]) VALUES (10, N'Sol', 10, 1, 4)
INSERT INTO [dbo].[Namirnica] ([Id], [Naziv], [Mjera], [Opca], [Vrsta]) VALUES (11, N'Govedina', 0, 0, 0)
INSERT INTO [dbo].[Namirnica] ([Id], [Naziv], [Mjera], [Opca], [Vrsta]) VALUES (17, N'Luk', 7, 0, 3)
INSERT INTO [dbo].[Namirnica] ([Id], [Naziv], [Mjera], [Opca], [Vrsta]) VALUES (18, N'Mrkva', 1, 0, 3)
INSERT INTO [dbo].[Namirnica] ([Id], [Naziv], [Mjera], [Opca], [Vrsta]) VALUES (19, N'Koromaè', 7, 0, 3)
INSERT INTO [dbo].[Namirnica] ([Id], [Naziv], [Mjera], [Opca], [Vrsta]) VALUES (20, N'Krumpir', 0, 0, 3)
INSERT INTO [dbo].[Namirnica] ([Id], [Naziv], [Mjera], [Opca], [Vrsta]) VALUES (21, N'Maslac', 1, 0, 5)
INSERT INTO [dbo].[Namirnica] ([Id], [Naziv], [Mjera], [Opca], [Vrsta]) VALUES (22, N'Mlijeko', 6, 0, 5)
INSERT INTO [dbo].[Namirnica] ([Id], [Naziv], [Mjera], [Opca], [Vrsta]) VALUES (23, N'Vlasac', 2, 0, 4)
INSERT INTO [dbo].[Namirnica] ([Id], [Naziv], [Mjera], [Opca], [Vrsta]) VALUES (25, N'Jogurt', 5, 0, 5)
INSERT INTO [dbo].[Namirnica] ([Id], [Naziv], [Mjera], [Opca], [Vrsta]) VALUES (26, N'Špinat', 1, 0, 3)
INSERT INTO [dbo].[Namirnica] ([Id], [Naziv], [Mjera], [Opca], [Vrsta]) VALUES (27, N'Jaje', 7, 0, 5)
INSERT INTO [dbo].[Namirnica] ([Id], [Naziv], [Mjera], [Opca], [Vrsta]) VALUES (28, N'Riža', 1, 0, 6)
INSERT INTO [dbo].[Namirnica] ([Id], [Naziv], [Mjera], [Opca], [Vrsta]) VALUES (29, N'Topljivi sir', 2, 0, 5)
INSERT INTO [dbo].[Namirnica] ([Id], [Naziv], [Mjera], [Opca], [Vrsta]) VALUES (30, N'Raženi kruh', 0, 0, 8)
INSERT INTO [dbo].[Namirnica] ([Id], [Naziv], [Mjera], [Opca], [Vrsta]) VALUES (31, N'Kravlji sir', 2, 0, 5)
INSERT INTO [dbo].[Namirnica] ([Id], [Naziv], [Mjera], [Opca], [Vrsta]) VALUES (32, N'Šparoge', 0, 0, 3)
INSERT INTO [dbo].[Namirnica] ([Id], [Naziv], [Mjera], [Opca], [Vrsta]) VALUES (33, N'Parmezan', 2, 0, 5)
INSERT INTO [dbo].[Namirnica] ([Id], [Naziv], [Mjera], [Opca], [Vrsta]) VALUES (34, N'Peršin', 2, 0, 4)
INSERT INTO [dbo].[Namirnica] ([Id], [Naziv], [Mjera], [Opca], [Vrsta]) VALUES (35, N'Brašno', 0, 0, 8)
INSERT INTO [dbo].[Namirnica] ([Id], [Naziv], [Mjera], [Opca], [Vrsta]) VALUES (36, N'Prašak za pecivo', 2, 0, 8)
INSERT INTO [dbo].[Namirnica] ([Id], [Naziv], [Mjera], [Opca], [Vrsta]) VALUES (37, N'Mast', 1, 0, 8)
INSERT INTO [dbo].[Namirnica] ([Id], [Naziv], [Mjera], [Opca], [Vrsta]) VALUES (38, N'Cheddar', 1, 0, 5)
INSERT INTO [dbo].[Namirnica] ([Id], [Naziv], [Mjera], [Opca], [Vrsta]) VALUES (39, N'Ulje', 4, 0, 8)
INSERT INTO [dbo].[Namirnica] ([Id], [Naziv], [Mjera], [Opca], [Vrsta]) VALUES (40, N'Curry', 8, 0, 4)
INSERT INTO [dbo].[Namirnica] ([Id], [Naziv], [Mjera], [Opca], [Vrsta]) VALUES (41, N'Krušne mrvice', 2, 0, 8)
INSERT INTO [dbo].[Namirnica] ([Id], [Naziv], [Mjera], [Opca], [Vrsta]) VALUES (42, N'Šeèer', 1, 0, 8)
INSERT INTO [dbo].[Namirnica] ([Id], [Naziv], [Mjera], [Opca], [Vrsta]) VALUES (43, N'Ekstrakt vanilije', 5, 0, 8)
INSERT INTO [dbo].[Namirnica] ([Id], [Naziv], [Mjera], [Opca], [Vrsta]) VALUES (52, N'Žemlja', 2, 0, 6)
INSERT INTO [dbo].[Namirnica] ([Id], [Naziv], [Mjera], [Opca], [Vrsta]) VALUES (53, N'Puding od vanilije', 2, 0, 8)
INSERT INTO [dbo].[Namirnica] ([Id], [Naziv], [Mjera], [Opca], [Vrsta]) VALUES (54, N'Cimet', 2, 0, 4)
INSERT INTO [dbo].[Namirnica] ([Id], [Naziv], [Mjera], [Opca], [Vrsta]) VALUES (55, N'Limun', 0, 0, 2)
INSERT INTO [dbo].[Namirnica] ([Id], [Naziv], [Mjera], [Opca], [Vrsta]) VALUES (56, N'Èokolada tamna', 1, 0, 8)
INSERT INTO [dbo].[Namirnica] ([Id], [Naziv], [Mjera], [Opca], [Vrsta]) VALUES (57, N'Majoneza', 2, 0, 5)
INSERT INTO [dbo].[Namirnica] ([Id], [Naziv], [Mjera], [Opca], [Vrsta]) VALUES (58, N'Voda', 6, 1, 8)
INSERT INTO [dbo].[Namirnica] ([Id], [Naziv], [Mjera], [Opca], [Vrsta]) VALUES (60, N'Grožðice', 2, 0, 7)
INSERT INTO [dbo].[Namirnica] ([Id], [Naziv], [Mjera], [Opca], [Vrsta]) VALUES (61, N'kiselo vrhnje', 2, 0, 5)
SET IDENTITY_INSERT [dbo].[Namirnica] OFF

SET IDENTITY_INSERT [dbo].[Recept] ON
INSERT INTO [dbo].[Recept] ([Id], [Naziv], [VrstaJela], [PodvrstaJela], [BrojServiranja], [VrijemeKuhanja], [Tezina], [PotrebnoKuhanje], [Biljeska], [Savijet]) VALUES (24, N'Juha od koromaèa', 0, 0, 6, 30, 1, 1, NULL, N'Za ljepši izgled posuti sjeckanim vlascem')
INSERT INTO [dbo].[Recept] ([Id], [Naziv], [VrstaJela], [PodvrstaJela], [BrojServiranja], [VrijemeKuhanja], [Tezina], [PotrebnoKuhanje], [Biljeska], [Savijet]) VALUES (25, N'Riža sa sirom i špinatom(mikrovalna)', 1, 2, 3, 25, 0, 0, NULL, N'Za bolji okus posuti parmezanom')
INSERT INTO [dbo].[Recept] ([Id], [Naziv], [VrstaJela], [PodvrstaJela], [BrojServiranja], [VrijemeKuhanja], [Tezina], [PotrebnoKuhanje], [Biljeska], [Savijet]) VALUES (26, N'Roladice od šparoga', 0, 1, 4, 30, 1, 1, NULL, N'Umjesto raženog kruha može crni ili polubijeli kruh')
INSERT INTO [dbo].[Recept] ([Id], [Naziv], [VrstaJela], [PodvrstaJela], [BrojServiranja], [VrijemeKuhanja], [Tezina], [PotrebnoKuhanje], [Biljeska], [Savijet]) VALUES (27, N'Vjetrenjaèe od sira', 0, 2, 4, 50, 2, 1, NULL, N'Umjesto Cheddara može bilo koji sir(dobro topljiv)')
INSERT INTO [dbo].[Recept] ([Id], [Naziv], [VrstaJela], [PodvrstaJela], [BrojServiranja], [VrijemeKuhanja], [Tezina], [PotrebnoKuhanje], [Biljeska], [Savijet]) VALUES (28, N'Kolaèiæi od sira i riže', 0, 2, 3, 50, 0, 1, NULL, N'Mogu se upotrijebiti druge vrste sira')
INSERT INTO [dbo].[Recept] ([Id], [Naziv], [VrstaJela], [PodvrstaJela], [BrojServiranja], [VrijemeKuhanja], [Tezina], [PotrebnoKuhanje], [Biljeska], [Savijet]) VALUES (30, N'Biskvit od vanilije', 2, 0, 1, 30, 0, 1, NULL, N'')
INSERT INTO [dbo].[Recept] ([Id], [Naziv], [VrstaJela], [PodvrstaJela], [BrojServiranja], [VrijemeKuhanja], [Tezina], [PotrebnoKuhanje], [Biljeska], [Savijet]) VALUES (58, N'Obièna riža', 0, 2, 3, 30, 0, 1, NULL, N'')
SET IDENTITY_INSERT [dbo].[Recept] OFF

SET IDENTITY_INSERT [dbo].[Sastavnica] ON
INSERT INTO [dbo].[Sastavnica] ([Id], [ReceptId], [NamirnicaId], [Kolicina]) VALUES (36, 24, 17, CAST(0.5 AS Decimal(6, 1)))
INSERT INTO [dbo].[Sastavnica] ([Id], [ReceptId], [NamirnicaId], [Kolicina]) VALUES (37, 24, 18, CAST(50.0 AS Decimal(6, 1)))
INSERT INTO [dbo].[Sastavnica] ([Id], [ReceptId], [NamirnicaId], [Kolicina]) VALUES (38, 24, 19, CAST(1.0 AS Decimal(6, 1)))
INSERT INTO [dbo].[Sastavnica] ([Id], [ReceptId], [NamirnicaId], [Kolicina]) VALUES (39, 24, 20, CAST(0.3 AS Decimal(6, 1)))
INSERT INTO [dbo].[Sastavnica] ([Id], [ReceptId], [NamirnicaId], [Kolicina]) VALUES (40, 24, 21, CAST(0.3 AS Decimal(6, 1)))
INSERT INTO [dbo].[Sastavnica] ([Id], [ReceptId], [NamirnicaId], [Kolicina]) VALUES (41, 24, 22, CAST(0.1 AS Decimal(6, 1)))
INSERT INTO [dbo].[Sastavnica] ([Id], [ReceptId], [NamirnicaId], [Kolicina]) VALUES (42, 24, 23, CAST(100.0 AS Decimal(6, 1)))
INSERT INTO [dbo].[Sastavnica] ([Id], [ReceptId], [NamirnicaId], [Kolicina]) VALUES (43, 24, 10, CAST(3.0 AS Decimal(6, 1)))
INSERT INTO [dbo].[Sastavnica] ([Id], [ReceptId], [NamirnicaId], [Kolicina]) VALUES (44, 24, 9, CAST(3.0 AS Decimal(6, 1)))
INSERT INTO [dbo].[Sastavnica] ([Id], [ReceptId], [NamirnicaId], [Kolicina]) VALUES (45, 25, 26, CAST(30.0 AS Decimal(6, 1)))
INSERT INTO [dbo].[Sastavnica] ([Id], [ReceptId], [NamirnicaId], [Kolicina]) VALUES (46, 25, 27, CAST(2.0 AS Decimal(6, 1)))
INSERT INTO [dbo].[Sastavnica] ([Id], [ReceptId], [NamirnicaId], [Kolicina]) VALUES (47, 25, 22, CAST(0.3 AS Decimal(6, 1)))
INSERT INTO [dbo].[Sastavnica] ([Id], [ReceptId], [NamirnicaId], [Kolicina]) VALUES (48, 25, 29, CAST(225.0 AS Decimal(6, 1)))
INSERT INTO [dbo].[Sastavnica] ([Id], [ReceptId], [NamirnicaId], [Kolicina]) VALUES (49, 25, 10, CAST(4.0 AS Decimal(6, 1)))
INSERT INTO [dbo].[Sastavnica] ([Id], [ReceptId], [NamirnicaId], [Kolicina]) VALUES (50, 25, 9, CAST(4.0 AS Decimal(6, 1)))
INSERT INTO [dbo].[Sastavnica] ([Id], [ReceptId], [NamirnicaId], [Kolicina]) VALUES (51, 25, 28, CAST(0.3 AS Decimal(6, 1)))
INSERT INTO [dbo].[Sastavnica] ([Id], [ReceptId], [NamirnicaId], [Kolicina]) VALUES (52, 25, 17, CAST(0.5 AS Decimal(6, 1)))
INSERT INTO [dbo].[Sastavnica] ([Id], [ReceptId], [NamirnicaId], [Kolicina]) VALUES (53, 26, 30, CAST(0.5 AS Decimal(6, 1)))
INSERT INTO [dbo].[Sastavnica] ([Id], [ReceptId], [NamirnicaId], [Kolicina]) VALUES (54, 26, 31, CAST(180.0 AS Decimal(6, 1)))
INSERT INTO [dbo].[Sastavnica] ([Id], [ReceptId], [NamirnicaId], [Kolicina]) VALUES (55, 26, 32, CAST(0.3 AS Decimal(6, 1)))
INSERT INTO [dbo].[Sastavnica] ([Id], [ReceptId], [NamirnicaId], [Kolicina]) VALUES (56, 26, 33, CAST(0.2 AS Decimal(6, 1)))
INSERT INTO [dbo].[Sastavnica] ([Id], [ReceptId], [NamirnicaId], [Kolicina]) VALUES (57, 26, 34, CAST(20.0 AS Decimal(6, 1)))
INSERT INTO [dbo].[Sastavnica] ([Id], [ReceptId], [NamirnicaId], [Kolicina]) VALUES (58, 26, 27, CAST(1.0 AS Decimal(6, 1)))
INSERT INTO [dbo].[Sastavnica] ([Id], [ReceptId], [NamirnicaId], [Kolicina]) VALUES (59, 27, 35, CAST(0.2 AS Decimal(6, 1)))
INSERT INTO [dbo].[Sastavnica] ([Id], [ReceptId], [NamirnicaId], [Kolicina]) VALUES (60, 27, 36, CAST(0.1 AS Decimal(6, 1)))
INSERT INTO [dbo].[Sastavnica] ([Id], [ReceptId], [NamirnicaId], [Kolicina]) VALUES (61, 27, 10, CAST(2.0 AS Decimal(6, 1)))
INSERT INTO [dbo].[Sastavnica] ([Id], [ReceptId], [NamirnicaId], [Kolicina]) VALUES (62, 27, 21, CAST(0.2 AS Decimal(6, 1)))
INSERT INTO [dbo].[Sastavnica] ([Id], [ReceptId], [NamirnicaId], [Kolicina]) VALUES (63, 27, 37, CAST(0.3 AS Decimal(6, 1)))
INSERT INTO [dbo].[Sastavnica] ([Id], [ReceptId], [NamirnicaId], [Kolicina]) VALUES (64, 27, 22, CAST(0.3 AS Decimal(6, 1)))
INSERT INTO [dbo].[Sastavnica] ([Id], [ReceptId], [NamirnicaId], [Kolicina]) VALUES (65, 27, 38, CAST(0.2 AS Decimal(6, 1)))
INSERT INTO [dbo].[Sastavnica] ([Id], [ReceptId], [NamirnicaId], [Kolicina]) VALUES (66, 28, 39, CAST(0.5 AS Decimal(6, 1)))
INSERT INTO [dbo].[Sastavnica] ([Id], [ReceptId], [NamirnicaId], [Kolicina]) VALUES (67, 28, 17, CAST(1.0 AS Decimal(6, 1)))
INSERT INTO [dbo].[Sastavnica] ([Id], [ReceptId], [NamirnicaId], [Kolicina]) VALUES (68, 28, 28, CAST(0.6 AS Decimal(6, 1)))
INSERT INTO [dbo].[Sastavnica] ([Id], [ReceptId], [NamirnicaId], [Kolicina]) VALUES (69, 28, 27, CAST(2.0 AS Decimal(6, 1)))
INSERT INTO [dbo].[Sastavnica] ([Id], [ReceptId], [NamirnicaId], [Kolicina]) VALUES (70, 28, 38, CAST(0.4 AS Decimal(6, 1)))
INSERT INTO [dbo].[Sastavnica] ([Id], [ReceptId], [NamirnicaId], [Kolicina]) VALUES (71, 28, 35, CAST(0.0 AS Decimal(6, 1)))
INSERT INTO [dbo].[Sastavnica] ([Id], [ReceptId], [NamirnicaId], [Kolicina]) VALUES (72, 28, 40, CAST(0.5 AS Decimal(6, 1)))
INSERT INTO [dbo].[Sastavnica] ([Id], [ReceptId], [NamirnicaId], [Kolicina]) VALUES (73, 28, 10, CAST(1.0 AS Decimal(6, 1)))
INSERT INTO [dbo].[Sastavnica] ([Id], [ReceptId], [NamirnicaId], [Kolicina]) VALUES (74, 28, 9, CAST(0.5 AS Decimal(6, 1)))
INSERT INTO [dbo].[Sastavnica] ([Id], [ReceptId], [NamirnicaId], [Kolicina]) VALUES (75, 28, 41, CAST(50.0 AS Decimal(6, 1)))
INSERT INTO [dbo].[Sastavnica] ([Id], [ReceptId], [NamirnicaId], [Kolicina]) VALUES (79, 30, 27, CAST(5.0 AS Decimal(6, 1)))
INSERT INTO [dbo].[Sastavnica] ([Id], [ReceptId], [NamirnicaId], [Kolicina]) VALUES (80, 30, 42, CAST(15.0 AS Decimal(6, 1)))
INSERT INTO [dbo].[Sastavnica] ([Id], [ReceptId], [NamirnicaId], [Kolicina]) VALUES (81, 30, 35, CAST(0.2 AS Decimal(6, 1)))
INSERT INTO [dbo].[Sastavnica] ([Id], [ReceptId], [NamirnicaId], [Kolicina]) VALUES (82, 30, 36, CAST(3.0 AS Decimal(6, 1)))
INSERT INTO [dbo].[Sastavnica] ([Id], [ReceptId], [NamirnicaId], [Kolicina]) VALUES (83, 30, 21, CAST(5.0 AS Decimal(6, 1)))
INSERT INTO [dbo].[Sastavnica] ([Id], [ReceptId], [NamirnicaId], [Kolicina]) VALUES (84, 30, 43, CAST(2.0 AS Decimal(6, 1)))
INSERT INTO [dbo].[Sastavnica] ([Id], [ReceptId], [NamirnicaId], [Kolicina]) VALUES (125, 58, 28, CAST(20.0 AS Decimal(6, 1)))
INSERT INTO [dbo].[Sastavnica] ([Id], [ReceptId], [NamirnicaId], [Kolicina]) VALUES (126, 58, 21, CAST(0.2 AS Decimal(6, 1)))
SET IDENTITY_INSERT [dbo].[Sastavnica] OFF
